" [deleted]"," [削除済]"
" and ","と "
" The customer does not exist in the system anymore.","この顧客はすでにシステム上に存在しません。"
"- Click on any of the time parts to increase it","時間部分のどれかをクリックして追加"
"- Hold mouse button on any of the above buttons for faster selection.","より速く実行されるようにこれ以上マウスボタンを押さないでください＊"
"- or click and drag for faster selection.","またはクリックアンドドラッグでより迅速な選択が可能です。"
"- or Shift-click to decrease it","- Shiftキーを押しながらクリックすると減らすことができます"
"- Use the %s buttons to select month","- %sボタンで月を選択"
"- Use the %s, %s buttons to select year","- %sと%s ボタンで年を選択 "
"-- Not Selected --","-- 未選択です --"
"-- Please Select --","-- 選択してください --"
"-- Please select --","-- 選択してください --"
"-- Please Select a Category --","-- カテゴリを選択してください --"
"-- Please Select Billing Agreement--","-- 支払条件を選択してください--"
"--Please Select--","--選択してください--"
"(\\t for tab)","(\\tをタブ文字に使用する)"
"(Absolute path or Relative to Magento install root, ex. var/export)","(絶対パスまたはMagentoのインストールパスからの相対パス。例：var/export)"
"(For US 2-letter state names)","(米国の2文字の州名)"
"(If left empty will be auto-generated)","(空白の場合は自動生成します)"
"(Leave empty for first spreadsheet)","(空を残すための最初のスプレッドシート)"
"(Products will be added/updated to this store if 'store' column is blank or missing in the import file.)","(インポートファイル内の店舗の項目が空白、または抜けている場合、商品はこの店舗に対して追加・更新されます。)"
"(Shift-)Click or drag to change value","クリックまたはドラッグして価格変更"
"(Starting with)","(で始まる)"
"(When 'No', only mapped fields will be imported. When mapping, use 'column1', 'column2', etc.)","「いいえ」の場合はマップされた項目のみインポートされます。マッピングする場合は'column1'、'column2'のように指定してください"
"(You have to increase php memory_limit before changing this value)","(この値を変更する前に php memory_limit の値を増やしてください)"
"[ deleted ]","[ 削除済み ]"
"[GLOBAL]","[グローバル]"
"[STORE VIEW]","[ストアビュー]"
"[WEBSITE]","[WEBサイト]"
"{{base_url}} is not recommended to use in a production environment to declare the Base Unsecure URL / Base Secure URL. It is highly recommended to change this value in your Magento <a href=""%s"">configuration</a>.","{{base_url}} は稼働環境での使用に推奨できません。Magento <a href=""%s"">configuration</a>で変更することを推奨します。"
"* - If indexing is in progress, it will be killed and new indexing process will start.","* - もし、インデックス処理が途中の場合、その処理を強制終了して新しい処理を開始します。"
"%s (Default Template from Locale)","%s (標準テンプレートからのロケール)"
"%s cache type(s) disabled.","%s 件のキャッシュを無効にしました。"
"%s cache type(s) enabled.","%s 件のキャッシュを有効にしました。"
"%s cache type(s) refreshed.","%s 件のキャッシュを更新しました。"
"<h1 class=""page-heading"">404 Error</h1><p>Page not found.</p>","<h1 class=""page-heading"">404 エラー</h1><p>ページが見つかりません。</p>"
"1 Hour","1時間"
"12 Hours","12時間"
"12h AM/PM","12時間表記"
"2 Hours","2時間"
"24 Hours","24時間"
"24h","24時間"
"2YTD","2年間"
"6 Hours","6時間"
"A new password was sent to your email address. Please check your email and click Back to Login.","あなたのメールアドレス宛に新しいパスワードを送信しました。メールをご確認のうえ、「ログイン画面に戻る」をクリックしてください。"
"A user with the same user name or email aleady exists.","同じユーザ名かメールアドレスのユーザが既に存在します。"
"Abandoned Carts","無効になったショッピングカート"
"About the calendar","カレンダーについて"
"Access Denied","アクセス拒否"
"Access denied","アクセス拒否"
"Access denied.","アクセス拒否。"
"Account Created in:","作成されたアカウント:"
"Account Created on (%s):","アカウント作成日時 (%s):"
"Account Created on:","アカウント作成日時"
"Account Information","アカウント情報"
"Account Status","アカウントステータス"
"Account status","アカウント状態"
"Action","アクション"
"Actions","アクション"
"Actions XML","アクションのXML"
"Active","アクティブ"
"Add","追加"
"Add after","追加後"
"Add Author","投稿者追加"
"Add Contents Path","コンテンツパスを追加"
"Add Exception","例外の追加"
"Add Field Mapping","列定義を追加する"
"Add Field with URL:","URLにフィールドを追加"
"Add New Image","新規画像の追加"
"Add New osCommerce Profile","新しいOSコマースを加える"
"Add New Profile","新規プロフィールの追加"
"Add New Role","新しい権限の追加"
"Add New Template","新しいテンプレートの追加"
"Add New URL Rewrite","新しいURL書換えを追加"
"Add New User","新しいユーザーを追加"
"Add New Variable","新しい変数を追加"
"Add Package dependency","パッケージに依存性を追加"
"Add PHP Extension dependency","PHPエクステンション依存性を追加"
"Add URL Rewrite","URL書換追加"
"Add URL Rewrite for a Category","カテゴリのURL書換を追加"
"Add URL Rewrite for a Product","商品のURL書換を追加"
"Additional Cache Management","追加キャッシュ管理"
"Address Type:","住所タイプ:"
"Admin","管理"
"Advanced Admin Section","拡張管理セクション"
"Advanced Profiles","拡張プロフィール"
"Advanced Section","拡張セクション"
"All","全て"
"All Allowed Countries","全ての国"
"All Cache","全てのキャッシュ"
"All countries","全ての国"
"All fields","全てのフィールド"
"All Files","全てのファイル"
"All possible rates were fetched, please click on ""Save"" to apply","全ての利用可能な為替レートを取得しました。""保存"" をクリックして適用してください。"
"All rates were fetched, please click on ""Save"" to apply","全てのレートを取得しました。 ""保存"" をクリックして適用してください。"
"All Reviews","全てのレビュー"
"All Store Views","全ての店舗ビュー"
"All Tags","全てのタグ"
"All valid rates have been saved.","正しいレートが保存されました。"
"All Websites","全てのウェブサイト"
"Amounts","売上高"
"An error occurred while clearing the JavaScript/CSS cache.","JavaScriptとCSSのキャッシュをクリア中にエラーが発生しました。"
"An error occurred while clearing the image cache.","画像キャッシュのクリア中にエラーが発生しました。"
"An error occurred while creating the backup.","バックアップ作成中にエラーが発生しました。"
"An error occurred while deleting email template data. Please review log and try again.","メールテンプレートを削除中にエラーが発生しました。ログを確認の上やり直してください。"
"An error occurred while deleting this role.","権限を削除中にエラーが発生しました。"
"An error occurred while deleting this set.","セットを削除中にエラーが発生しました。"
"An error occurred while deleting this template.","テンプレートの削除中にエラーが発生しました。"
"An error occurred while finishing process. Please refresh the cache","処理を完了中にエラーが発生しました。キャッシュを更新してください。"
"An error occurred while rebuilding the catalog index.","カタログインデックスの再構築中にエラーが発生しました。"
"An error occurred while rebuilding the CatalogInventory Stock Status.","在庫ステータスインデックスの再構築中にエラーが発生しました。"
"An error occurred while rebuilding the flat catalog category.","フラットカタログカテゴリの再構築中にエラーが発生しました。"
"An error occurred while rebuilding the flat product catalog.","フラット商品カタログの再構築中にエラーが発生しました。"
"An error occurred while rebuilding the search index.","検索インデックスの再構築中にエラーが発生しました。"
"An error occurred while refreshing the Catalog Rewrites.","カタログ書き換えの更新中にエラーが発生しました。"
"An error occurred while refreshing the catalog rewrites.","カタログ書き換えの更新中にエラーが発生しました。"
"An error occurred while refreshing the Layered Navigation indices.","階層ナビゲーションインデックスをリフレッシュ中にエラーが発生しました。"
"An error occurred while refreshing the layered navigation indices.","階層ナビゲーションインデックスを更新中にエラーが発生しました。"
"An error occurred while saving account.","アカウントの保存中にエラーが発生しました。"
"An error occurred while saving this configuration:","設定を保存中にエラーが発生しました。"
"An error occurred while saving this role.","権限を保存中にエラーが発生しました。"
"An error occurred while saving this template.","テンプレートを保存中にエラーが発生しました。"
"An error occurred while updating the selected review(s).","選択したレビューの更新中にエラーが発生しました。"
"Any","すべて"
"Any Attribute Set","任意の属性"
"Any Group","任意のグループ"
"Any Status","任意のステータス"
"Any Store","任意の店舗"
"Any Type","任意のタイプ"
"Any Visibility","任意の表示状態"
"API Key","APIキー"
"API Key Confirmation","APIキー確認"
"Archive file name:","書庫ファイル名:"
"Are you sure that you want to delete this template?","このテンプレートを削除してもいいですか？"
"Are you sure that you want to strip tags?","タグを除去しても構いませんか？"
"Are you sure you want to do this?","実行してもよろしいですか？"
"Area","地域"
"Assigned","割り当て済み"
"Associated Tags","関連するタグ"
"Attribute Set Name:","属性セット名:"
"Attributes","属性"
"Authors","作者"
"Available Products","利用できるプロダクト"
"Average Order Amount","平均注文額"
"Average Orders","平均注文点数"
"b","b"
"Back","戻る"
"Back to Login","ログイン画面に戻る"
"Backup","バックアップ"
"Backup record was deleted.","バックアップレコードを削除しました。"
"Backups","バックアップ"
"Base currency","基本通貨"
"Bcc","BCC"
"Bestsellers","ベストセラー"
"Big Image","拡大画像"
"Billing Address","購入者住所"
"Billing Agreement","支払契約"
"Billing Agreements","支払契約"
"Block Information","ブロック情報"
"Both (without and with tax)","両方(税金なしと税金込み）"
"Both IPN and PDT","IPNとPDT"
"Browse Files...","ファイルを選択...."
"Bundle Items","セット商品"
"Bundle with dynamic pricing cannot include custom defined options. Options will not be saved.","価格が変化するようなセット商品はカスタム定義オプションを含めることができません。オプションは保存されません。"
"Cache Control","キャッシュコントロール"
"Cache Control (beta)","キャッシュコントロール(beta)"
"Cache Management","キャッシュ管理"
"Cache Type","キャッシュタイプ"
"Cancel","キャンセル"
"Cannot add new comment.","コメントを追加できません。"
"Cannot add tracking number.","荷物追跡番号を追加できません。"
"Cannot create an invoice without products.","商品のない請求書は作成できません。"
"Cannot create credit memo for the order.","この注文の返金データを作成できません。"
"Cannot delete the design change.","デザイン変更を削除できません。"
"Cannot delete tracking number.","荷物追跡番号を削除できません。"
"Cannot do shipment for the order separately from invoice.","領収書と別に出荷伝票を作成できません。"
"Cannot do shipment for the order.","出荷伝票を作成できません。"
"Cannot find the email address.","メールアドレスが見つかりません。"
"Cannot initialize shipment for adding tracking number.","追跡番号登録のために出荷伝票を初期化できませんでした。"
"Cannot initialize shipment for delete tracking number.","追跡番号削除のために出荷伝票を初期化できませんでした。"
"Cannot load track with retrieving identifier.","Cannot load track with retrieving identifier."
"Cannot retrieve tracking number detail.","荷物追跡番号を受け取れません。"
"Cannot save shipment.","出荷伝票を保存できません。"
"Cannot save the cedit memo.","返金伝票を保存できません。"
"Cannot send shipment information.","出荷案内を送信できません。"
"Cannot update item quantity.","商品点数を更新できません。"
"Cannot update the item\'s quantity.","商品の個数を更新できません。"
"Card Verification Number","カード確認番号"
"Catalog","カタログ"
"Catalog Price Rules","カタログ価格ルール"
"Catalog Rewrites","カタログ書き換え"
"Categories","カテゴリ"
"Category:","カテゴリ:"
"Channel","チャンネル"
"Checkbox","チェックボックス"
"Child Transactions","子トランザクション"
"Choose an attribute","属性を選択"
"Choose Store View","ストアビューを選択"
"Clear","クリア"
"Close","閉じる"
"close","閉じる"
"CMS","CMS"
"Comment text field cannot be empty.","コメントは必須です。"
"Comments History","コメント履歴"
"Complete","成功"
"Configuration","設定"
"Confirmed email:","確認メール:"
"Connect with the Magento Community","Magentoコミュニティに接続"
"Contents","コンテンツ"
"Convert to Plain Text","プレーンテキストに変換"
"Cookie (unsafe)","Cookie (安全ではない)"
"Country","国"
"Country:","国:"
"Coupons","クーポン"
"Create","作成"
"Create DB Backup","データベースバックアップを生成"
"Create New Attribute","新しい属性を作成"
"Create URL Rewrite:","URL書換作成:"
"Created At","作成日"
"Credit Card Number","クレジットカード番号"
"Credit Card Number: xxxx-%s","クレジットカード番号: xxxx-%s"
"Credit Card Type","クレジットカード会社"
"Credit Card Type: %s","クレジットカード会社: %s"
"Credit memo #%s comment added","クレジットメモNo. %s にコメントを追記しました。"
"Credit memo #%s created","クレジットメモNo. %s を作成しました"
"Credit Memo History","クレジットメモ履歴"
"Credit Memo Totals","クレジットメモの合計"
"Credit memo\'s total must be positive.","クレジットメモ合計にマイナスの金額は許可されていません。"
"Credit Memos","クレジットメモ"
"CRITICAL","重要"
"critical","重要"
"CSV","CSVファイル"
"CSV / Tab separated","タブ区切りのCSVファイル"
"Currency","通貨"
"Currency Information","通貨情報"
"Currency Setup Section","通貨セットアップセクション"
"Current Configuration Scope:","現在の設定範囲:"
"Current Month","現在の月"
"Custom","カスタム"
"Custom Variable ""%s""","カスタム変数 ""%s"""
"Custom Variables","カスタム変数"
"Customer","顧客"
"Customer Group:","顧客グループ"
"Customer Groups","顧客グループ"
"Customer Name","顧客名"
"Customer Reviews","顧客レビュー"
"Customer Shopping Carts","ショッピングカート"
"Customer Since:","顧客登録日時:"
"Customer Tax Classes","顧客課税区分"
"Customer with the same email already exists.","同じメールアドレスの顧客が存在しています"
"Customers","顧客"
"Customers by Number of Orders","顧客ごとの注文件数"
"Customers by Orders Total","顧客ごとの購入合計"
"Dashboard","ダッシュボード"
"Data Format","データフォーマット"
"Data transfer:","データ転送:"
"Date","日付"
"Date & Time","日付と時間"
"Date Added","登録日"
"Date selection:","日付選択:"
"Date selector","日付選択"
"Date Updated","更新日"
"Day","日"
"Decimal separator:","桁区切り:"
"Default (Admin) Values","標準(管理者)値"
"Default Billing Address","標準の購入者住所"
"Default Config","標準の設定"
"Default display currency ""%s"" is not available in allowed currencies.","標準の通貨 ""%s"" は使用できません。"
"Default scope","標準の範囲"
"Default Template from Locale","ロケールからの標準のテンプレート"
"Default Values","標準値"
"Delete","削除"
"Delete %s","%sを削除"
"Delete %s '%s'","削除 %s '%s'"
"Delete Profile","プロファイルの削除"
"Delete Role","ロールの削除"
"Delete Store","店舗を削除"
"Delete Store View","店舗ビューを削除"
"Delete Template","テンプレートの削除"
"Delete User","ユーザーの削除"
"Delete Website","ウェブサイトを削除"
"Description","概要"
"Design","デザイン"
"Design Section","デザインセクション"
"Details","詳細"
"Developer Section","デベロッパーセクション"
"DHTML Date/Time Selector","DHTMLの日付/時間セレクタ"
"Direction:","向き:"
"Disable","無効"
"Disabled","無効"
"Display %s first","はじめに%sを表示"
"Display default currency","標準通貨の表示"
"Distributed under GNU LGPL. See %s for details.","GNU LGPLライセンスのもとで配布されています。詳細は%sを見てください。"
"Do you really want to KILL parallel process and start new indexing process?","並行して処理している処理を中止し、新しいインデックス処理を開始しますか？"
"Downloads","ダウンロード"
"Drag to move","ドラッグして移動"
"Drop-down","ドロップダウンリスト"
"Edit","編集"
"Edit Design Change","デザイン変更の編集"
"Edit Email Template","メールテンプレートの編集"
"Edit Poll","投票の編集"
"Edit Queue","キューを編集"
"Edit Review","レビュー編集"
"Edit Role","権限の編集"
"Edit Store View","店舗ビューの編集"
"Edit System Template","システムテンプレートの編集"
"Edit Template","テンプレートの編集"
"Edit URL Rewrite","URL書き換えを編集"
"Edit User","ユーザーの編集"
"Edit User '%s'","ユーザー'%s'の編集"
"Edit Website","ウェブサイトの編集"
"Email","Eメール"
"Email Address:","メールアドレス:"
"Email Preview","メールのプレビュー"
"Email to a Friend","友達にメールを送る"
"Email:","Eメール:"
"Enable","有効"
"Enabled","有効"
"Enclose Values In:","同封の値:"
"Entity Type","エンティティタイプ"
"Entity type:","エンティティタイプ:"
"example: ""sitemap/"" or ""/"" for base path (path must be writeable)",""
"example: sitemap.xml","例: sitemap.xml"
"Excel","Excel"
"Excl. Tax","税別"
"Expiration Date","有効期限"
"Expiration Date: %s/%s","有効期限: %s/%s"
"Export","エクスポート"
"Export CSV","CSVでエクスポート"
"Export Filters","エクスポートフィルタ"
"Export to:","エクスポート先:"
"Export:","エクスポート:"
"Extension","エクステンション"
"Extensions","エクステンション"
"Failed to add a product to cart by id ""%s"".","商品をカートに追加しようとして失敗しましたIDは ""%s""　です。"
"Failed to cancel the billing agreement.","支払契約のキャンセルに失敗しました。"
"Failed to clear the JavaScript/CSS cache.","JavaScript/CSSキャッシュのクリアに失敗しました。"
"Failed to delete the billing agreement.","支払契約の削除に失敗しました。"
"Failed to update the profile.","プロファイルの更新に失敗しました。"
"Field","フィールド"
"Field Mapping","フィールド定義"
"File","ファイル"
"File Information","ファイル情報"
"File name:","ファイル名:"
"File size should be more than 0 bytes","ファイルサイズは0バイトより大きくなくてはいけません"
"Files","ファイル"
"Final Price","最終価格"
"Finished profile execution.","プロファイルの実行を終了"
"First Invoice Created Date","初回請求書作成日"
"First Name","名"
"First Name is required field.","First Name is required field."
"First Name:","名:"
"Fixed","定額"
"Flush Catalog Images Cache","カタログ画像キャッシュ更新"
"Flush JavaScript/CSS Cache","JavaScript/CSSキャッシュ更新"
"For category",""
"For latest version visit: %s","最新のバージョンへ: %s"
"For product","製品用"
"Forgot your password?","パスワードをお忘れですか？"
"Forgot your user name or password?","ユーザー名またはパスワードをお忘れですか？"
"From","開始"
"from","開始"
"FTP Host[:Port]","FTPサーバー名[:ポート番号]"
"Gb","GB"
"General Information","全般情報"
"General Section","汎用部門"
"Get help for this page","このページのヘルプを見る"
"Get Image Base64","画像のBase64エンコードを取得する"
"GLOBAL","グローバル"
"Global Attribute","全般属性"
"Global Record Search","全体検索"
"Global Search","グローバルサーチ"
"Go Today","今日に移動"
"Google Base","Googleベース"
"Google Base Items","Googleベースアイテム"
"Google Sitemaps","Googleサイトマップ"
"Grand Total","合計"
"Grid (default) / List","グリッド（デフォルト） /リスト"
"Grid Only","グリッドのみ"
"Group:","グループ:"
"Guest","ゲスト様"
"Help Us Keep Magento Healthy - Report All Bugs","Magentoの品質向上にご協力ください - バグを報告する"
"Home","ホーム"
"HTTP (unsecure)","HTTP (非セキュア)"
"HTTPS (SSL)","HTTPS (SSL)"
"ID","ID"
"ID Path","IDパス"
"If this message persists, please contact the store owner.","このメッセージが表示され続けている場合は、管理者に連絡してください。"
"Ignore","無視"
"Images","画像"
"Images (.gif, .jpg, .png)","画像（.gif, .jpg, .png）"
"Images Cache","画像のキャッシュ"
"images/logo.gif","images/logo.gif"
"Import","インポート"
"Import and Export","インポートとエクスポート"
"Import and Export Tax Rates","税率のインポートとエクスポート"
"Import Service","サービスのインポート"
"Import/Export","インポート/エクスポート"
"Import/Export Advanced","インポート/エクスポート上級"
"Import/Export Profile","インポート/エクスポートのプロファイル"
"Imported <strong>%s</strong> records","<strong>%s</strong>件のレコードを取り込みました"
"In","In"
"In Database:","データベース:"
"In File:","ファイル:"
"Inactive","無効"
"Incl. Tax","内消費税"
"Include","含む"
"Incoming Message","受信メッセージ"
"Insert Variable...","変数の挿入..."
"Interactive","インタラクティブ"
"Interface Locale: %s","インターフェイスの言語: %s"
"Invalid directory: %s","不正なディレクトリ: %s"
"Invalid email address ""%s"".","不正なメールアドレス ""%s"" です。"
"Invalid file: %s","不正なファイル: %s"
"Invalid Form Key. Please refresh the page.","不正なフォームキーです。ページを再読み込みしてください。"
"Invalid Import Service Specified","不正なインポート処理があります"
"Invalid input data for %s => %s rate","不正な%sから%sへの変換レートデータです"
"Invalid parent block for this block","Invalid parent block for this block"
"Invalid parent block for this block.","個のブロックに対する不正な親ブロックです。"
"Invalid POST data (please check post_max_size and upload_max_filesize settings in your php.ini file).","不正なデータです (php,iniの post_max_sizeとupload_max_filesizeの設定を確認してください)。"
"Invalid Secret Key. Please refresh the page.","不正なシークレットキーです。ページを再読み込みしてください。"
"Invalid sender name ""%s"". Please use only visible characters and spaces.","不正な送信者名 ""%s""です。 半角英数字と空白を使用してください。"
"Invalid Username or Password.","不正なユーザー名とパスワードです。"
"Invalidated","期限切れ"
"Inventory Stock Status","在庫の状態"
"Invoice #%s comment added","領収書 #%s にコメントを追加しました"
"Invoice #%s created","領収書 #%s を作成しました"
"Invoice canceling error.","請求書キャンセルエラー"
"Invoice capturing error.","請求書計上エラー"
"Invoice History","領収書履歴"
"Invoice Totals","領収書合計"
"Invoice voiding error.","請求書無効エラー"
"Invoices","請求書"
"IP Address","IPアドレス"
"IPN (Instant Payment Notification) Only","IPN のみ"
"Is Closed","クローズ済"
"Issue Number","課題番号"
"Issuer: %s","登録者: %s"
"Items","購入商品数"
"items selected","件選択しました"
"JavaScript/CSS","JavaScript/CSS"
"JavaScript/CSS Cache","JavaScript/CSSキャッシュ"
"Kb","KB"
"Last 24 Hours","直近24時間"
"Last 5 Orders","最近の5件"
"Last 5 Search Terms","直近5件の検索キーワード"
"Last 7 Days","直近7日"
"Last Credit Memo Created Date","直近のクレジットメモ作成日"
"Last Invoice Created Date","直近の請求書作成日"
"Last Logged In (%s):","前回ログイン(%s):"
"Last Logged In:","最終ログイン日:"
"Last Name","姓"
"Last Name is required field.","姓は必須項目です"
"Last Name:","姓:"
"Last updated: %s. To refresh last day\'s <a href=""%s"">statistics</a>, click <a href=""%s"">here</a>.","Last updated: %s. To refresh last day\'s <a href=""%s"">statistics</a>, click <a href=""%s"">here</a>."
"Latest Message:","最新メッセージ:"
"Layered Navigation Indices","階層ナビゲーションインデックス"
"Layered Navigation Indices were refreshed.","階層ナビゲーションインデックスを更新しました。"
"Leave empty to use tax identifier","税鑑定のため未記入にしておく"
"Lifetime Sales","セール期間"
"Lifetime statistics have been updated.","統計を更新しました。"
"Links","リンク"
"Links with associated products will retain only after saving current product.","Links with associated products will retain only after saving current product."
"List (default) / Grid","リスト（デフォルト） /グリッド"
"List Only","List Only"
"Load default template","標準のテンプレートを読み込む"
"Load Template","テンプレートを読み込む"
"Loading...","読み込み中"
"Local Server","ローカルサーバー"
"Local/Remote Server","ローカル/リモートサーバー"
"Locale","ロケール"
"Log in to Admin Panel","管理画面にログイン"
"Log into Magento Admin Page","Magento管理画面にログイン"
"Log Out","ログアウト"
"Logged in as %s","%sとしてログイン中"
"Login","ログイン"
"Low Stock","在庫僅少"
"Magento Admin","Magento管理画面"
"Magento Commerce - Administrative Panel","Magentoコマース - 管理パネル"
"Magento Connect","Magentoコネクト"
"Magento Connect Manager","Magentoコネクト管理"
"Magento is a trademark of Magento Inc. Copyright &copy; %s Magento Inc.","MagentoはMagento Incの商標です。 Copyright &copy; %s Magento Inc."
"Magento Logo","Magentoロゴ"
"Magento ver. %s","Magento バージョン %s"
"Magento&trade; is a trademark of Magento Inc.<br/>Copyright &copy; %s Magento Inc.","Magento&trade; は Magento Incの商標です。<br/>Copyright &copy; %s Magento Inc."
"MAJOR","メジャー"
"major","メジャー"
"Make sure that data encoding in the file is consistent and saved in one of supported encodings (UTF-8 or ANSI).","ファイルのデータをサポートされている文字コードで保存してください。 (UTF-8 または ASCII)."
"Manage Attribute Sets","属性セット管理"
"Manage Attributes","属性管理"
"Manage Categories","カテゴリ管理"
"Manage Content","コンテンツ管理"
"Manage Currency Rates","通貨レート管理"
"Manage Customers","顧客管理"
"Manage osCommerce Orders","OSコマースの注文を管理する"
"Manage osCommerce Profiles","OSコマースのプロフィールを管理する"
"Manage Ratings","評価管理"
"Manage Stores","店舗管理"
"Manage Tax Rules","税ルール管理"
"Manage Tax Zones and Rates","税率と地域の管理"
"Matched Expression","Matched Expression"
"Max","最大"
"Mb","MB"
"Media (.avi, .flv, .swf)","メディアファイル(.avi, .flv, .swf)"
"Messages Inbox","受信箱"
"Min","最小"
"MINOR","マイナー"
"minor","マイナー"
"Month","月"
"Most Viewed","最も閲覧された"
"Most Viewed Products","最も閲覧された商品"
"MS Excel XML","エクセルXML形式"
"Multiple Select","複数選択"
"My Account","マイアカウント"
"N/A","N/A"
"Name","名前"
"Name on Card","カード名義"
"Name on the Card: %s","カードの名義: %s"
"Name:","名前:"
"New ","新規 "
"New Accounts","新しいアカウント"
"New admin password","新しい管理者パスワード"
"New API Key","新しいAPIキー"
"New Attribute","New Attribute"
"New Block","新しいブロック"
"New Category","新規カテゴリ"
"New Class","新しい区分"
"New Condition","新しい条件"
"New Custom Variable","新しいカスタム変数"
"New Customer","新しい顧客"
"New Customers","新規顧客"
"New Design Change","新しいデザイン変更"
"New Email Template","新規メールテンプレート"
"New Group","新しいグループ"
"New Invoice","新しい請求書"
"New Item Type","ニューアイテムタイプ"
"New Memo","新規メモ"
"New Memo for #%s","New Memo for #%s"
"New Page","新しいページ"
"New Password","新規パスワード"
"New Poll","新しい投票"
"New Profile","新規プロファイル"
"New Rate","新しいレート"
"New Rating","新しい評価"
"New Review","新しいレビュー"
"New Role","新しい権限"
"New Rule","新しいルール"
"New Search","新しい検索"
"New Set","新しいセット"
"New Shipment","新規出荷"
"New Sitemap","新しいサイトマップ"
"New Store View","新規店舗ビュー"
"New System Template","新規システムテンプレート"
"New Tag","新規タグ"
"New Template","新規テンプレート"
"New User","新規ユーザー"
"New Variable","新しい変数"
"New Website","新規ウェブサイト"
"Newsletter","メールマガジン"
"Newsletter Problems","メールマガジン問題"
"Newsletter Queue","Newsletter Queue"
"Newsletter Subscribers","メールマガジン購読者"
"Newsletter Templates","メールマガジンテンプレート"
"Next month (hold for menu)","次月 (hold for menu)"
"Next page","次ページ"
"Next year (hold for menu)","次年 (hold for menu)"
"No","無効"
"No (price without tax)","いいえ（税抜価格）"
"No change","変化なし"
"No Data Found","データが見つかりませんでした"
"No information available.","情報がありません。"
"No Profile","プロファイルがありません"
"No profile loaded...","プロファイルが読み込まれていません"
"No records found for this period.","この期間のレコードが見つかりませんでした。"
"No records found.","レコードが見つかりませんでした"
"No report code specified.","No report code specified."
"No search keywords.","検索キーワードがありません。"
"No search modules were registered","No search modules were registered"
"No Templates Found","テンプレートが見つかりませんでした"
"None","なし"
"Note:","ノート:"
"Notes","メモ"
"NOTICE","お知らせ"
"notice","お知らせ"
"Notifications","お知らせ"
"Number of Orders","注文数"
"Number of records:","レコード数:"
"Number of Uses","使用数"
"of %s pages","中 %s ページ"
"Old rate:","旧レート:"
"One or more of the Cache Types are invalidated:","1つ以上のキャッシュが期限切れです:"
"Online Customers","オンラインな顧客"
"Only attributes with scope ""Global"", input type ""Dropdown"" and Use To Create Configurable Product ""Yes"" are available.","適用範囲「グローバル」と入力方式「ドロップダウン」と構成可能商品「Yes」のみが属性として利用可能です。"
"Only mapped fields","関連付け済フィールドのみ"
"Optional","オプション"
"Options","オプション"
"Order #%s","ご注文番号%s"
"Order #%s (%s)","ご注文番号%s (%s)"
"Order cannot be placed.","注文を保存できません。"
"Order Created Date","注文作成日"
"Order ID","Order ID"
"Order Totals","受注合計"
"Order Updated Date","Order Updated Date"
"Order Updated Date report is real-time, does not need statistics refreshing.","Order Updated Date report is real-time, does not need statistics refreshing."
"Orders","受注"
"Original Magento attribute names in first row:","オリジナルのMagento属性名を先頭行に表示する:"
"Package","パッケージ"
"Package Extensions","エクステンションパッケージ"
"Packages","パッケージ"
"Page","ページ"
"Pages","ページ"
"Parent Product Thumbnail","親商品のサムネイル"
"Parent Transaction ID","親トランザクションID"
"Passive mode","パッシブモード"
"Password","パスワード"
"Password Confirmation","確認用パスワード"
"Password confirmation must be same as password.","パスワードが一致しません。"
"Password must be at least of %d characters.","パスワードは %d 文字以上である必要があります。"
"Password must include both numeric and alphabetic characters.","パスワードは半角英数字である必要があります。"
"Password:","パスワード:"
"Path","パス"
"Path:","パス:"
"Payment method instance is not available.","支払方法が利用できません。"
"Payment method is not available.","支払方法は利用できません。"
"Payment method must be specified.","決済方法を指定してください。"
"PDT (Payment Data Transfer) Only","決済データ転送のみ"
"Pending Reviews","保留中のレビュー"
"Pending Tags","審査中のタグ"
"Per Item","商品ごと"
"Per Order","受注ごと"
"per page","件表示"
"Percent","比率"
"Performed At","実行"
"Period","期間"
"Permanent (301)","永久(301)"
"Permissions","権限"
"Personal Information","個人情報"
"Phone:","電話番号:"
"Please confirm site switching. All data that hasn\'t been saved will be lost.","サイトの切替を確認してください。保存されていないデータは失われます。"
"Please continue with placing order.","Please continue with placing order."
"Please enter 6 or more characters.","6文字以上入力してください"
"Please enter a number greater than 0 in this field.","0条の数字を入力してください"
"Please enter a valid $ amount. For example $100.00.","正しい金額表示で入力してください"
"Please enter a valid credit card number.","正しいクレジットカード番号を入力してください。"
"Please enter a valid date.","正しい日付を入力してください。"
"Please enter a valid email address. For example johndoe@domain.com.","正しいメールアドレスを入力してください。（例：johndoe@domain.com）"
"Please enter a valid email.","正しいメールアドレスを入力してください。"
"Please enter a valid number in this field.","正しい数字で入力してください。"
"Please enter a valid phone number. For example (123) 456-7890 or 123-456-7890.","正しい電話番号の形式で入力してください。（例：(123) 456-7890 or 123-456-7890）"
"Please enter a valid social security number. For example 123-45-6789.","正しい社会保障番号を入力してください。（例：123-45-6789）"
"Please enter a valid URL. For example http://www.example.com or www.example.com","正しいURLを入力してください。（例：http://www.example.com または www.example.com）"
"Please enter a valid URL. http:// is required","正しいURLを入力してください。「http://」が必要です。"
"Please enter a valid value from list","リストから正しい値を選択してください。"
"Please enter a valid value, ex: 10,20,30","正しい値を入力してください。 例: 10,20,30"
"Please enter a valid zip code.","正しい郵便番号を入力してください。"
"Please enter a valid zip code. For example 90602 or 90602-1234.","正しい郵便番号を入力してください。（例：123-4567）"
"Please enter valid password.","正しいパスワードを入力してください。"
"Please fill in 'email' field.","メールアドレスを入力してください"
"Please make sure that all global admin search modules are installed and activated.","全体検索モジュールがインストールされていて有効になっているか確認してください"
"Please make sure that your changes were saved before running the profile.","プロファイルを実行する前に変更を保存してください"
"Please make sure your passwords match.","パスワードを一致させてください。"
"Please Select","Please Select"
"Please select a customer.","顧客を選択してください。"
"Please select a store.","店舗を選択してください。"
"Please select an option.","オプションを選択してください。"
"Please select catalog searches.","検索キーワードを指定してください。"
"Please select customer(s).","顧客を選択してください。"
"Please select one of the above options.","オプションをひとつ選択してください。"
"Please select one of the options.","オプションをひとつ選択してください。"
"Please select review(s).","レビューを選択してください。"
"Please select State/Province.","県を選択してください"
"Please select tag(s).","Please select tag(s)."
"Please specify at least start or end date.","開始日または終了日を指定してください。"
"Please specify the admin custom URL.","管理画面のURLを指定してください。"
"Please try to logout and sign in again.","ログインしなおしてみてください。"
"Please use in this field only ""a-z,0-9,_"".","""a-z,0-9,_""の文字で入力してください。"
"Please use letters only (a-z) in this field.","記号と数字以外で入力してください。"
"Please use numbers only in this field. please avoid spaces or other characters such as dots or commas.","このフィールドには数字を入力してください。"
"Please use only letters (a-z) or numbers (0-9) only in this field. No spaces or other characters are allowed.","このフィールドには記号以外の文字を入力してください。"
"Please use only letters (a-z) or numbers (0-9) or spaces and # only in this field.","このフィールドには記号以外の文字を入力してください。"
"Please use this date format: dd/mm/yyyy. For example 17/03/2006 for the 17th of March, 2006.","日付の形式は右の通りです: dd/mm/yyyy. （例： 17/03/2006 は 2006年3月17日）。"
"Please wait while the indexes are being refreshed.","インデックスの更新が終わるまでお待ちください。"
"Please wait, loading...","読み込み中です"
"Please wait...","しばらくお待ちください。。"
"Please, add some answers to this poll first.","最初にこの投票に回答を追加してください。"
"Please, select ""Visible in Stores"" for this poll first.","""店舗で表示""を最初に選択してください。"
"Poll Manager","投票管理"
"Polls","投票"
"Popular","ポピュラーな"
"Position of Watermark for %s","%sの透かしの位置"
"Pregenerated product images files.","事前に作成する商品画像"
"Prev. month (hold for menu)","前月(メニューに適用)"
"Prev. year (hold for menu)","前年 (メニューに適用)"
"Preview","プレビュー"
"Preview Template","テンプレートのプレビュー"
"Previous page","前ページ"
"Price","価格"
"Price alert subscription was saved.","価格更新通知購読を保存しました。"
"Price:","価格:"
"Processed <strong>%s%% %s/%d</strong> records","<strong>%s%% %s%d</strong>レコードの処理完了"
"Product","商品"
"Product Reviews","商品レビュー"
"Product Thumbnail Itself","商品サムネイル"
"Product:","製品:"
"Products","商品"
"Products Bestsellers Report","商品ベストセラーレポート"
"Products in Carts","カートに入っている商品"
"Products Ordered","注文された商品"
"Profile Action","アクションの概要"
"Profile Actions XML","アクションXMLの概要"
"Profile Direction","指示の概要"
"Profile History","履歴の概要"
"Profile Information","情報の概要"
"Profile Name","名前の概要"
"Profile Payments","Profile Payments"
"Profile Schedule","プロファイルスケジュールe"
"Profile Wizard","ウィザードの概要"
"Profiles","概要"
"Promo","プロモーション"
"Promotions","プロモーション"
"Purchased Item","出荷済み商品"
"Qty","個数"
"Quantity","個数"
"Queue Refresh","キューを更新する"
"Queued... Cancel","キューに入りました...キャンセル "
"Radio Buttons","ラジオボタン"
"Rates","レート"
"Read details","詳細読み込み"
"Rebuild","再構築"
"Rebuild Catalog Index","Rebuild Catalog Index"
"Rebuild Flat Catalog Category","再構築カタログカテゴリ"
"Rebuild Flat Catalog Product","再構築カタログ商品"
"Recent Orders","最近の受注"
"Recent statistics have been updated.","統計情報を更新しました。"
"Recurring Profile View","定期購入プロファイルビュー"
"Recursive Dir","再帰的な Dir"
"Redirect","リダイレクト"
"Reference","参照"
"Reference ID","参照ID"
"Refresh","更新"
"Refresh Now*","*"
"Refresh Statistics","統計更新"
"Region/State","県"
"Release","リリース"
"Release Stability","リリース状態"
"Release Version","Release Version"
"Remote FTP","リモートFTP"
"Remove","削除"
"Reports","レポート"
"Request Path","リダイレクトパス"
"Required","必須"
"Reset","リセット"
"Reset Filter","リセット"
"Resize","リサイズ"
"Resource Access","リソースアクセス"
"Resources","リソース"
"Results","結果"
"Retrieve Password","パスワード再発行"
"Return Html Version","HTMLバージョンに戻る"
"Revenue","収入"
"Reviews","レビュー"
"Reviews and Ratings","レビューと評価"
"Rewrite Rules","書き換えルール"
"Role ID","ロールID"
"Role Info","ロール情報"
"Role Information","ロール情報"
"Role Name","ロール名"
"Role Resources","ロールリソース"
"Role Users","ロールユーザー"
"Roles","ロール"
"Roles Resources","ロールリソース"
"Rotate CCW","反時計回りに回転"
"Rotate CW","時計回りに回転"
"Run","実行"
"Run Profile","プロファイルを実行"
"Run Profile in Popup","プロファイルをポップアップで実行する"
"Run Profile Inside This Window","このウインドウの中でプロファイルを実行"
"Running... Kill","実行中...終了"
"Sales","セールス"
"Sales Report","販売実績"
"Samples","サンプル"
"Save","保存"
"Save & Generate","保存して生成"
"Save Account","アカウントの保存"
"Save and Continue Edit","保存して編集を続ける"
"Save Cache Settings","キャッシュ設定を保存"
"Save Config","設定を保存"
"Save Currency Rates","通貨レートの保存"
"Save Profile","プロファイルの保存"
"Save Role","ロールの保存"
"Save Template","テンプレートの保存"
"Save User","ユーザーの保存"
"Search","検索"
"Search Index","検索インデックス"
"Search Term","検索ワード"
"Search Terms","検索用語"
"Select","選択"
"Select All","全て選択"
"Select Category","カテゴリくを選択"
"Select Date","日付を選択"
"Select date","日付選択"
"Select Range","表示期間"
"Select Visible","表示中を選択"
"Selected allowed currency ""%s"" is not available in installed currencies.","選択した通貨 ""%s"" はインストール済みの通貨に存在しません。"
"Selected base currency is not available in installed currencies.","選択した基準通貨は使用できません。"
"Selected default display currency is not available in allowed currencies.","選択した表示通貨は利用できません。"
"Selected default display currency is not available in installed currencies.","Selected default display currency is not available in installed currencies."
"Self-assigned roles cannot be deleted.","自分が割り当てられている権限は削除できません。"
"Sender","送信者"
"Separate Email","分割メール"
"Shipment #%s comment added","配送伝票 #%s にコメントを追加しました"
"Shipment #%s created","配送伝票 #%s を作成しました"
"Shipment Comments","配送コメント"
"Shipment History","配送履歴"
"Shipments","出荷"
"Shipping","出荷中"
"Shipping Address","お届け先"
"Shipping address selection is not applicable","配送先の選択が適切ではありません"
"Shipping method must be specified.","配送方法を指定してください。"
"Shipping method selection is not applicable","配送方法の選択が適切ではありません"
"Shipping Origin","出荷元"
"Shipping Price","配送料"
"Shopping Cart","ショッピングカート"
"Shopping Cart from %s","%sのショッピングカートで"
"Shopping Cart Price Rules","ショッピングカート価格ルール"
"Show By","Show By"
"Show Report For","レポートを表示"
"Show Reviews","レビューを表示"
"Sitemap Information","サイトマップ情報"
"Size for %s","%s のサイズ"
"Skip Category Selection","カテゴリ選択をスキップする"
"SKU","商品番号(SKU)"
"SKU:","商品番号(SKU):"
"Some items in this order have different invoice and shipment types. You can create shipment only after the invoice is created.","この受注のいくつかの商品は異なる請求先と配送先を含んでいます。出荷処理は領収書を作成した後にのみ可能です。"
"Some of the ordered items do not exist in the catalog anymore and will be removed if you try to edit the order.","Some of the ordered items do not exist in the catalog anymore and will be removed if you try to edit the order."
"Sorry, this feature is coming soon...","申し訳ありません、もうすぐ利用できます"
"Sort Order","並び順"
"Specific Countries","選択された国のみ"
"Specified","Specified"
"Specified profile does not exist.","Specified profile does not exist."
"Spreadsheet Name:","スプレッドシート名:"
"SSL Error: Invalid or self-signed certificate","SSLエラー: 不正な証明書です"
"Start Date","開始日"
"Start/Reset Validation...","検証の開始/リセット..."
"Starting profile execution, please wait...","プロファイルを開始しています。お待ちください。"
"State/Province:","県:"
"Static Blocks","静的ブロック"
"Status","状態"
"Status:","状態:"
"Stock notification was saved.","在庫更新通知を保存しました。"
"Stock Quantity:","在庫数:"
"Store","店舗"
"Store Email Addresses Section","Store Emailアドレスセクションを格納"
"Store View","店舗ビュー"
"Store:","店舗:"
"store(%s) scope","ストア(%s)スコープ"
"Stores","店舗"
"Subject","題名"
"Submit","送信"
"Subpackage cannot be conflicting.","サブパッケージが競合しています。"
"Subtotal","小計"
"Switch/Solo card issue number: %s","スイッチ/ソロカード発行番号: %s"
"Switch/Solo card start Date: %s/%s","スイッチ/ソロカード開始日: %s%s"
"Switch/Solo/Maestro(UK Domestic) card issue number: %s","スウィッチ/ソロ/マエストロ(UK国内)カード発行ナンバー: %s"
"Switch/Solo/Maestro(UK Domestic) card start Date: %s/%s","Switch/Solo/Maestro(UKのみ)開始日: %s/%s"
"Switch/Solo/Maestro(UK Domestic) Only","スウィッチ/ソロ/マエストロ(UK国内) のみ"
"System","システム"
"System Section","システムセクション"
"Tags","タグ"
"Target","対象"
"Target Path","ターゲットパス"
"Tax","税"
"Tb","TB"
"Template","テンプレート"
"Template Content","テンプレートコンテンツ"
"Template Information","テンプレート情報"
"Template Name","テンプレート名"
"Template Styles","テンプレートスタイル"
"Template Subject","テンプレート件名"
"Template Type","テンプレートタイプ"
"Temporary (302)","一時的(302)"
"Terms and Conditions","利用条件"
"Text","テキスト"
"The Layered Navigation indexing has been queued.","階層ナビゲーションインデックスを実行予約しました。"
"The Layered Navigation indexing queue has been canceled.","階層ナビゲーションインデックスの実行予約をキャンセルしました。"
"The Layered Navigation indices were refreshed.","階層ナビゲーションインデックスを更新しました。"
"The Layered Navigation process has been queued to be killed.","階層ナビゲーション構築プロセスを停止予約しました。"
"The Magento cache storage has been flushed.","Magentoのキャッシュストレージを更新しました。"
"The URL Rewrite has been deleted.","URL書換を削除しました。"
"The URL Rewrite has been saved.","URL書換を保存しました。"
"The account has been saved.","The account has been saved."
"The archive can be uncompressed with <a href=""%s"">%s</a> on Windows systems","このアーカイブはWindows上で <a href=""%s"">%s</a> を利用して展開することができます"
"The attribute set has been removed.","属性セットを削除しました。"
"The backup has been created.","バックアップを作成しました。"
"The billing agreement has been canceled.","The billing agreement has been canceled."
"The billing agreement has been deleted.","支払契約を削除しました。"
"The cache storage has been flushed.","キャッシュストレージをフラッシュしました。"
"The card has failed verification with the issuer bank.","このカードは発行元の認証に失敗しました。"
"The carrier needs to be specified.","運送会社を指定してください。"
"The catalog index has been rebuilt.","カタログインデックスを再構築しました。"
"The catalog rewrites have been refreshed.","カタログ書き換えを更新しました。"
"The Catalog Rewrites were refreshed.","カタログ書き換えを更新しました。"
"The CatalogInventory Stock Status has been rebuilt.","在庫ステータスインデックスを再構築しました。"
"The Comment Text field cannot be empty.","コメントを入力してください。"
"The configuration has been saved.","設定を保存しました。"
"The credit memo has been canceled.","返金伝票をキャンセルしました。"
"The credit memo has been created.","返金伝票を作成しました。"
"The credit memo has been voided.","The credit memo has been voided."
"The custom variable has been deleted.","カスタム変数を削除しました。"
"The custom variable has been saved.","カスタム変数を保存しました。"
"The customer has been deleted.","顧客を削除しました。"
"The customer has been saved.","The customer has been saved."
"The design change has been deleted.","The design change has been deleted."
"The design change has been saved.","The design change has been saved."
"The email address is empty.","The email address is empty."
"The email template has been deleted.","メールテンプレートを削除しました。"
"The email template has been saved.","メールテンプレートを保存しました。"
"The flat catalog category has been rebuilt.","フラットカタログカテゴリを再構築しました。"
"The Flat Catalog Product was rebuilt","フラットカタログプロダクトを再構築しました。"
"The group node name must be specified with field node name.","グループノード名にフィールノード名を指定してください。"
"The image cache was cleaned.","画像キャッシュをクリアしました。"
"The image cache was cleared.","画像キャッシュをクリアしました。"
"The information in this tab has been changed.","このタブの情報は変更されています"
"The invoice and shipment have been created.","請求書と出荷伝票を作成しました。"
"The invoice has been canceled.","請求書をキャンセルしました。"
"The invoice has been captured.","請求書を売り上げ計上しました。"
"The invoice has been created.","請求書を作成しました。"
"The invoice has been voided.","請求書を無効にしました。"
"The JavaScript/CSS cache has been cleaned.","JavaScript/CSSキャッシュをクリアしました。"
"The JavaScript/CSS cache has been cleared.","JavaScriptとCSSのキャッシュをクリアしました。"
"The order does not allow creating an invoice.","The order does not allow creating an invoice."
"The order no longer exists.","この注文データは存在しません。"
"The poll has been deleted.","投票を削除しました。"
"The poll has been saved.","The poll has been saved."
"The profile has been deleted.","The profile has been deleted."
"The profile has been saved.","プロファイルを保存しました。"
"The profile has been updated.","プロファイルを更新しました。"
"The profile has no changes.","プロファイルに変更はありません。"
"The rating has been deleted.","評価を削除しました。"
"The rating has been saved.","評価を保存しました。"
"The role has been deleted.","権限を削除しました。"
"The role has been saved.","権限を保存しました。"
"The role has beensuccessfully saved.","権限を保存しました。"
"The search index has been rebuilt.","検索インデックスを再構築しました。"
"The shipment has been created.","出荷伝票を作成しました。"
"The shipment has been sent.","出荷メールを送信しました。"
"The tag has been deleted.","タグを削除しました。"
"The tag has been saved.","タグを保存しました。"
"The user has been deleted.","ユーザーを削除しました。"
"The user has been saved.","The user has been saved."
"Themes JavaScript and CSS files combined to one file.","テーマのJavaScriptとCSSファイルを1つのファイルに集約したものです。"
"There has been wrong payment information submitted or time limit has expired. Please, try again.","There has been wrong payment information submitted or time limit has expired. Please, try again."
"There is an error in one of the option rows.","There is an error in one of the option rows."
"This Account is","このアカウントは"
"This account is","このアカウントは"
"This account is inactive.","このアカウントは無効です。"
"This attribute set does not have attributes which we can use for configurable product","この属性セットは厚生可能な商品に使用できる属性を含んでいません。"
"This attribute shares the same value in all the stores","この属性は全ての店舗で共有されています"
"This Email template no longer exists.","このメールテンプレートは存在しません。"
"This is a demo store. Any orders placed through this store will not be honored or fulfilled.","これはデモストアです。このサイトでご注文いただいても請求されることはありません。"
"This is a required field.","必須項目です"
"This product is currently disabled.","この商品は現在無効です。"
"This report depends on timezone configuration. Once timezone is changed, the lifetime statistics need to be refreshed.","This report depends on timezone configuration. Once timezone is changed, the lifetime statistics need to be refreshed."
"This Role no longer exists","このロールは存在していません。"
"This Role no longer exists.","このロールは存在しません。"
"This section is not allowed.","このセクションは許可されていません"
"This tab contains invalid data. Please solve the problem before saving.","このタブは不正なデータを含んでいます。保存するには問題を解決してください。"
"This user no longer exists.","このユーザーは存在していません。"
"Thumbnail","サムネイル"
"Time","時間"
"Time selection:","時間選択:"
"Time:","時間:"
"To","終了"
"to","終了"
"Toggle Editor","エディタを閉じる"
"Tools","ツール"
"Top 5 Search Terms","上位5件の検索キーワード"
"Total","合計"
"Total %d records found","合計%d件見つかりました"
"Total Invoiced","総請求数"
"Total of %d record(s) have been deleted.","合計 %d 件を削除しました。"
"Total of %d record(s) have been updated.","合計 %d 件のデータを更新しました。"
"Total Order Amount","合計注文額"
"Total Refunded","総返品数"
"Track Order","注文を追跡する"
"Track this shipment","この出荷を追跡する"
"Tracking number %s for %s assigned","荷物追跡番号 %s が %s に割り当てられました"
"Tracking number cannot be empty.","荷物追跡蛮行は空欄にできません。"
"Transaction Data","トランザクションデータ"
"Transaction Details","トランザクション詳細"
"Transaction ID","トランザクションID"
"Transaction Type","トランザクション種別"
"Transactional Emails","取り引きメール"
"Transactions","トランザクション"
"Type","タイプ"
"Type:","タイプ:"
"Unable to cancel the credit memo.","返金伝票をキャンセルできません。"
"Unable to find a Email Template to delete.","削除対象のテンプレートがありません"
"Unable to find a poll to delete.","削除対象の投票が見つかりません。"
"Unable to find a tag to delete.","削除対象のタグが見つかりません。"
"Unable to find a user to delete.","削除対象のユーザーが見つかりません。"
"Unable to initialize import model","インポートしたモデルを初期化できませんでした"
"Unable to refresh lifetime statistics.","統計の更新ができません。"
"Unable to refresh recent statistics.","最近の統計を更新できません。"
"Unable to save the cron expression.","Cronジョブを保存できません。"
"Unable to save the invoice.","請求書を保存できません。"
"Unable to send the invoice email.","領収メールを送信できません。"
"Unable to send the shipment email.","Unable to send the shipment email."
"Unable to void the credit memo.","Unable to void the credit memo."
"Unknown","不明"
"Unlimited","無制限"
"Unselect All","全て未選択にする"
"Unselect Visible","表示を解除する"
"Update","更新"
"Updated At","更新日"
"Upload File","アップロードファイル"
"Upload Files","アップロードファイル"
"Upload HTTP Error","アップロードHTTPエラー"
"Upload I/O Error","アップロードI/Oエラー"
"Upload import file","インポートファイルをアップロードする"
"Upload Security Error","アップロードセキュリティエラー"
"URL Rewrite","URL書換"
"URL Rewrite Information","URL書換情報"
"URL Rewrite Management","URL書換管理"
"Use All Available Attributes","全ての利用可能な属性で使用する"
"Use Config Settings","設定値を使用する"
"Use Default","デフォルトを使用する"
"Use Default Value","標準の値を使用する"
"Use Default Variable Values","デフォルト値を使用する"
"Use Website","ウェブサイトの設定を使用する"
"Used as Default For","デフォルトを使用する"
"Used Currently For","現在使用中の"
"User","ユーザー"
"User Email","ユーザーメールアドレス"
"User ID","ユーザーID"
"User Info","ユーザー情報"
"User Information","ユーザー情報"
"User Name","ユーザ名"
"User name","ユーザ名"
"User Name is required field.","ユーザー名は必須項目です。"
"User Name:","ユーザー名:"
"User Role","ユーザーロール"
"User Roles","ユーザーロール"
"User Roles Information","ユーザーロール情報"
"Users","ユーザー"
"Value","値"
"Value Delimiter:","区切文字:"
"Variable","変数"
"Variable Code","変数コード"
"Variable HTML Value","任意HTMLの値"
"Variable ID","変数ID"
"Variable Name","変数名"
"Variable Plain Value","Variable Plain Value"
"Verification cannot be processed","認証を処理できません"
"Verification Failed","認証失敗"
"Verification Successful","検証成功"
"View","表示"
"View Actions XML","アクションXMLを表示する"
"View Memo","メモを見る"
"View Memo for #%s","#%s のメモを表示"
"View Shipment","出荷データを表示"
"View Statistics For","統計を見る"
"Visibility:","可視性:"
"Warning: Please do not close the window during importing/exporting data","警告: インポート/エクスポート中はウインドウを閉じないでください。"
"Warning! Empty value can cause problems with CSV format.","警告！ 価格の未記入はCSVフォーマット上で問題を起こす可能性があります。"
"Warning!\r\nThis action will remove this user from already assigned role\r\nAre you sure?","警告!\r\nユーザーが割り当てられているアクションを削除しようとしています。\r\nよろしいですか？"
"Warning!\r\nThis action will remove those users from already assigned roles\r\nAre you sure?","警告!\r\n以下のユーザーが割り当てられているアクションを削除しようとしています。\r\nよろしいですか？"
"Watermark File for %s","%sへの透かしエラー"
"We appreciate our merchants\' feedback, please <a href=""#"" onclick=""surveyAction(\'yes\'); return false;"">take our survey</a> to provide insight on the features you would like included in Magento. <a href=""#"" onclick=""surveyAction(\'no\'); return false;"">Remove this notification</a>","We appreciate our merchants\' feedback, please <a href=""#"" onclick=""surveyAction(\'yes\'); return false;"">take our survey</a> to provide insight on the features you would like included in Magento. <a href=""#"" onclick=""surveyAction(\'no\'); return false;"">Remove this notification</a>"
"We detected that your JavaScript seem to be disabled.","JavaScriptが無効になっているようです。"
"We\'re in our typing table, coding away more features for Magento. Thank you for your patience.","Magento用の性能を排除しているため、タイピングテーブルにいる状態です。お待ちいただきありがとうございます。"
"Web Section","ウェブ部門"
"Web Services","Webサービス"
"Web services","Webサービス"
"Website","WEBサイト"
"website(%s) scope","ウェブサイト(%s)スコープ"
"What is this?","暗証番号とは？"
"Wishlist Report","欲しいものリストレポート"
"Wrong billing agreement ID specified.","不正な支払契約IDが指定されました。"
"Wrong column format.","不正な列フォーマットです。"
"Wrong newsletter template.","不正なメールマガジンテンプレート"
"Wrong tab configuration.","不正なタブ設定です。"
"Wrong tag was specified.","不正なタグが指定されました。"
"Wrong transaction ID specified.","Wrong transaction ID specified."
"XML","XML"
"Year","年"
"Yes","はい"
"Yes (only price with tax)","はい(税込み価格のみ)"
"You cannot delete your own account.","自分のアカウントを削除することはできません。"
"You have","You have"
"You have logged out.","ログアウトしました。"
"You have not enough permissions to use this functionality.","この機能を使用するための権限がありません。"
"You must have JavaScript enabled in your browser to utilize the functionality of this website.","このウェブサイトの機能を十分に活用するために、ブラウザのJavaScriptを有効にしてください。"
"You need to specify order items.","注文する商品を指定してください。"
"Your answers contain duplicates.","回答が重複しています"
"Your server PHP settings allow you to upload files not more than %s at a time. Please modify post_max_size (currently is %s) and upload_max_filesize (currently is %s) values in php.ini if you want to upload larger files.","あなたのPHPサーバーは一度に最大%sアップロード可能です。より大きなファイルをアップロードしたい場合は、php.iniの中にあるpost_max_size(現在は%s)と upload_max_filesize (現在は%s) の価格を修正してください。"
"YTD","1年間"
"Zip/Postal Code","郵便番号"
"Zip/Postal Code:","郵便番号:"
